point_id,x_target_m,y_target_m,z_target_m,theta_target_deg,reachable,selected_label,q1_waist_deg,q2_shoulder_deg,q3_elbow_deg,q4_wrist_deg,position_error_m,pitch_error_deg,reason
1,0.188,-0.09,0.3,-35.0,True,codo_arriba,-25.581529257938886,62.48497868889112,-41.5741458089287,14.089167120037585,3.1031676915590914e-17,7.105427357601002e-15,Punto ejecutado.
2,0.18733269918715723,-0.07981895700683597,0.3,-35.0,True,codo_arriba,-23.077946333816925,63.472393334426464,-45.63525984607766,17.162866511651185,7.850462293418876e-17,-1.4210854715202004e-14,Punto ejecutado.
3,0.18534221445054733,-0.06981211448200338,0.3,-35.0,True,codo_arriba,-20.639686785561853,64.3958738380164,-50.00393234161544,20.60805850359905,8.326672684688674e-17,7.105427357601002e-15,Punto ejecutado.
4,0.18206260353588039,-0.060150692275523,0.3,-35.0,True,codo_arriba,-18.282762930402882,65.18520857404809,-54.5780770887252,24.392868514677104,6.359601310784502e-17,-1.4210854715202004e-14,Punto ejecutado.
5,0.17754998149518622,-0.051000000000000004,0.3,-35.0,True,codo_arriba,-16.026344735084603,65.7722734602951,-59.26665696847614,28.49438350818105,1.2586013583571652e-16,1.4210854715202004e-14,Punto ejecutado.
6,0.17188156054271636,-0.04251660853731978,0.3,-35.0,True,codo_arriba,-13.893787628210868,66.08983071166364,-63.98649324448167,32.89666253281803,6.245004513516506e-17,0.0,Punto ejecutado.
7,0.16515432893255072,-0.0348456710674493,0.3,-35.0,True,codo_arriba,-11.914015313646345,66.07076396578871,-68.65885141555638,37.58808744976766,3.1031676915590914e-17,0.0,Punto ejecutado.
8,0.1574833914626802,-0.02811843945728365,0.3,-35.0,True,codo_arriba,-10.123404226205645,65.64837351201513,-73.2063435204228,42.55797000840768,2.797157557069881e-17,0.0,Punto ejecutado.
9,0.14900000000000002,-0.02245001850481379,0.3,-35.0,True,codo_arriba,-8.568376237355768,64.7584020833052,-77.55050598028794,47.79210389698275,7.88106850030428e-17,1.4210854715202004e-14,Punto ejecutado.
10,0.139849307724477,-0.017937396464119626,0.3,-35.0,True,codo_arriba,-7.308983290775565,63.34358524115503,-81.61045075448811,53.266865513333094,2.797157557069881e-17,1.4210854715202004e-14,Punto ejecutado.
11,0.13018788551799662,-0.01465778554945267,0.3,-35.0,True,codo_arriba,-6.42384909038501,61.361576702688545,-85.30317312992638,58.94159642723784,2.797157557069881e-17,0.0,Punto ejecutado.
12,0.12018104299316404,-0.012667300812842786,0.3,-35.0,True,codo_arriba,-6.016863603237561,58.796865988745424,-88.54634621150835,64.74948022276293,1.3985787785349405e-17,0.0,Punto ejecutado.
13,0.11,-0.011999999999999997,0.3,-35.0,True,codo_arriba,-6.225829064425767,55.67652546136769,-91.26459506466371,70.58806960329602,0.0,-7.105427357601002e-15,Punto ejecutado.
14,0.09981895700683598,-0.012667300812842786,0.3,-35.0,True,codo_arriba,-7.232333788605873,52.08819806987672,-93.40008259184202,76.3118845219653,6.228116311227189e-17,-7.105427357601002e-15,Punto ejecutado.
15,0.0898121144820034,-0.01465778554945267,0.3,-35.0,True,codo_arriba,-9.269235800445452,48.19702855479167,-94.927441007069,81.73041245227733,4.220764384040162e-17,7.105427357601002e-15,Punto ejecutado.
16,0.08015069227552302,-0.017937396464119626,0.3,-35.0,True,codo_arriba,-12.614701155153309,44.2569630278181,-95.87130021833136,86.61433719051324,0.0,-7.105427357601002e-15,Punto ejecutado.
17,0.07100000000000001,-0.022450018504813776,0.3,-35.0,True,codo_arriba,-17.54682120086662,40.61067367559104,-96.32134255934874,90.71066888375769,5.763878168445254e-17,-7.105427357601002e-15,Punto ejecutado.
18,0.06251660853731979,-0.02811843945728365,0.3,-35.0,True,codo_arriba,-24.217048071797937,37.668139975896835,-96.43397239620528,93.76583242030843,6.206335383118183e-17,-1.4210854715202004e-14,Punto ejecutado.
19,0.0548456710674493,-0.034845671067449284,0.3,-35.0,False,,,,,,,,Sin solución válida por límites articulares.
20,0.04811843945728367,-0.04251660853731977,0.3,-35.0,False,,,,,,,,Sin solución válida por límites articulares.
21,0.04245001850481378,-0.051000000000000004,0.3,-35.0,True,codo_arriba,-50.2275834998856,36.551755995249025,-96.42364566923052,94.8718896739815,4.046035655711836e-17,0.0,Punto ejecutado.
22,0.03793739646411963,-0.060150692275522985,0.3,-35.0,True,codo_arriba,-57.76012806109499,38.95716005679686,-96.410276411927,92.45311635513013,6.691626947686432e-17,-1.4210854715202004e-14,Punto ejecutado.
23,0.034657785549452674,-0.06981211448200336,0.3,-35.0,True,codo_arriba,-63.598188634547135,42.289088801611065,-96.1597023777878,88.87061357617674,3.469446951953614e-17,7.105427357601002e-15,Punto ejecutado.
24,0.03266730081284279,-0.07981895700683594,0.3,-35.0,True,codo_arriba,-67.74231206448229,46.123427649610036,-95.48966439256557,84.36623674295554,5.763878168445254e-17,7.105427357601002e-15,Punto ejecutado.
25,0.032,-0.08999999999999998,0.3,-35.0,True,codo_arriba,-70.4268741695898,50.077642642930485,-94.27429933644015,79.19665669350968,6.206335383118183e-17,1.4210854715202004e-14,Punto ejecutado.
26,0.03266730081284279,-0.10018104299316404,0.3,-35.0,True,codo_arriba,-71.93975066313607,53.850363805285724,-92.45634181463627,73.60597800935054,6.206335383118183e-17,-1.4210854715202004e-14,Punto ejecutado.
27,0.034657785549452674,-0.11018788551799662,0.3,-35.0,True,codo_arriba,-72.53988966147297,57.230865519243345,-90.03722203246286,67.80635651321951,6.245004513516506e-17,-7.105427357601002e-15,Punto ejecutado.
28,0.03793739646411963,-0.119849307724477,0.3,-35.0,True,codo_arriba,-72.43520861306098,60.092857399025014,-87.05989885742949,61.96704145840446,7.244417918960238e-17,-1.4210854715202004e-14,Punto ejecutado.
29,0.042450018504813766,-0.12899999999999998,0.3,-35.0,True,codo_arriba,-71.78518014725753,62.37987198035429,-83.5921881634604,56.212316183106125,3.469446951953614e-17,7.105427357601002e-15,Punto ejecutado.
30,0.048118439457283654,-0.1374833914626802,0.3,-35.0,True,codo_arriba,-70.71023132346214,64.08732017964414,-79.71382387762598,50.62650369798184,2.8609792490763984e-17,0.0,Punto ejecutado.
31,0.05484567106744927,-0.14515432893255067,0.3,-35.0,True,codo_arriba,-69.30123627713192,65.24526466978027,-75.50800162283787,45.26273695305759,6.245004513516506e-17,7.105427357601002e-15,Punto ejecutado.
32,0.06251660853731977,-0.15188156054271632,0.3,-35.0,True,codo_arriba,-67.62723807587282,65.90440322788292,-71.05688971678416,40.15248648890122,6.938893903907228e-17,-1.4210854715202004e-14,Punto ejecutado.
33,0.07099999999999997,-0.15754998149518618,0.3,-35.0,True,codo_arriba,-65.7412610434589,66.12609920969717,-66.44013943135579,35.31404022165861,3.1031676915590914e-17,0.0,Punto ejecutado.
34,0.08015069227552302,-0.16206260353588037,0.3,-35.0,True,codo_arriba,-63.68455503593148,65.97616788989305,-61.7354559600359,30.75928807014285,1.3877787807814457e-17,0.0,Punto ejecutado.
35,0.0898121144820034,-0.1653422144505473,0.3,-35.0,True,codo_arriba,-61.489665983862494,65.52163716085035,-57.02051820098491,26.49888104013455,6.206335383118183e-17,-7.105427357601002e-15,Punto ejecutado.
36,0.09981895700683598,-0.1673326991871572,0.3,-35.0,True,codo_arriba,-59.18266034166296,64.82963853369672,-52.37576625576544,22.54612772206872,3.925231146709438e-17,7.105427357601002e-15,Punto ejecutado.
37,0.10999999999999999,-0.16799999999999998,0.3,-35.0,True,codo_arriba,-56.7847485062628,63.96769551354161,-47.88770000426162,18.920004490720018,3.1031676915590914e-17,7.105427357601002e-15,Punto ejecutado.
38,0.120181042993164,-0.1673326991871572,0.3,-35.0,True,codo_arriba,-54.31348295343063,63.0047771057991,-43.652275476728406,15.647498370929313,2.7755575615628914e-17,7.105427357601002e-15,Punto ejecutado.
39,0.1301878855179966,-0.16534221445054734,0.3,-35.0,True,codo_arriba,-51.78365518226882,62.012461821532895,-39.777673645709086,12.765211824176195,6.798699777552591e-17,7.105427357601002e-15,Punto ejecutado.
40,0.13984930772447696,-0.16206260353588037,0.3,-35.0,True,codo_arriba,-49.20797892101927,61.06536012874124,-36.38509945180133,10.319739323060082,1.1443916996305594e-16,-1.4210854715202004e-14,Punto ejecutado.
41,0.14900000000000002,-0.1575499814951862,0.3,-35.0,True,codo_arriba,-46.597621650348,60.23963100458764,-33.605478124550466,8.36584711996283,5.551115123125783e-17,7.105427357601002e-15,Punto ejecutado.
42,0.15748339146268014,-0.1518815605427164,0.3,-35.0,True,codo_arriba,-43.962629105455555,59.608314636905064,-31.569582064016007,6.9612674271109345,6.206335383118183e-17,-7.105427357601002e-15,Punto ejecutado.
43,0.1651543289325507,-0.1451543289325507,0.3,-35.0,True,codo_arriba,-41.31227562496629,59.232935740817986,-30.39055536355145,6.157619622733458,6.206335383118183e-17,-7.105427357601002e-15,Punto ejecutado.
44,0.17188156054271633,-0.13748339146268024,0.3,-35.0,True,codo_arriba,-38.655365355283244,59.1529252647341,-30.142046615830754,5.9891213510966415,9.614813431917819e-17,-7.105427357601002e-15,Punto ejecutado.
45,0.1775499814951862,-0.12900000000000003,0.3,-35.0,True,codo_arriba,-36.00050428444326,59.376994287113575,-30.840429386181054,6.463435099067472,6.206335383118183e-17,-7.105427357601002e-15,Punto ejecutado.
46,0.18206260353588039,-0.11984930772447698,0.3,-35.0,True,codo_arriba,-33.35636016722936,59.88102528778025,-32.440460249848734,7.559434962068475,6.359601310784502e-17,-7.105427357601002e-15,Punto ejecutado.
47,0.18534221445054733,-0.11018788551799669,0.3,-35.0,True,codo_arriba,-30.73192621267098,60.61372900485509,-34.84693003337662,9.233201028521526,6.206335383118183e-17,-1.4210854715202004e-14,Punto ejecutado.
48,0.18733269918715723,-0.10018104299316402,0.3,-35.0,True,codo_arriba,-28.13680477381556,61.50683077354062,-37.9356819628082,11.428851189267583,6.206335383118183e-17,7.105427357601002e-15,Punto ejecutado.
49,0.188,-0.09000000000000001,0.3,-35.0,True,codo_arriba,-25.58152925793889,62.48497868889112,-41.5741458089287,14.089167120037585,3.1031676915590914e-17,7.105427357601002e-15,Punto ejecutado.
