t,c_waist,c_shoulder,c_elbow,c_wrist,c_gripper
2.4431,0.0,0.0,-1.5707963267948966,0.0,0.0
2.4534,0.0,0.0,-1.5707963267948966,0.0,0.0
2.4633,0.0,0.0,-1.5707963267948966,0.0,0.0
2.4734,0.0,0.0,-1.5707963267948966,0.0,0.0
2.4834,0.0,0.0,-1.5707963267948966,0.0,0.0
2.4934,0.0,0.0,-1.5707963267948966,0.0,0.0
2.5034,0.0,0.0,-1.5707963267948966,0.0,0.0
2.5135,0.0,0.0,-1.5707963267948966,0.0,0.0
2.5233,0.0,0.0,-1.5707963267948966,0.0,0.0
2.5332,0.0,0.0,-1.5707963267948966,0.0,0.0
2.5435,0.0,0.0,-1.5707963267948966,0.0,0.0
2.5533,0.0,0.0,-1.5707963267948966,0.0,0.0
2.5636,0.0,0.0,-1.5707963267948966,0.0,0.0
2.5734,0.0,0.0,-1.5707963267948966,0.0,0.0
2.5836,0.0,0.0,-1.5707963267948966,0.0,0.0
2.5936,0.0,0.0,-1.5707963267948966,0.0,0.0
2.6035,0.0,0.0,-1.5707963267948966,0.0,0.0
2.6135,0.0,0.0,-1.5707963267948966,0.0,0.0
2.6234,0.0,0.0,-1.5707963267948966,0.0,0.0
2.6333,0.0,0.0,-1.5707963267948966,0.0,0.0
2.6432,0.0,0.0,-1.5707963267948966,0.0,0.0
2.6535,0.0,0.0,-1.5707963267948966,0.0,0.0
2.6634,0.0,0.0,-1.5707963267948966,0.0,0.0
2.6734,0.0,0.0,-1.5707963267948966,0.0,0.0
2.6835,0.0,0.0,-1.5707963267948966,0.0,0.0
2.6936,0.0,0.0,-1.5707963267948966,0.0,0.0
2.7035,0.0,0.0,-1.5707963267948966,0.0,0.0
2.7136,0.0,0.0,-1.5707963267948966,0.0,0.0
2.7233,0.0,0.0,-1.5707963267948966,0.0,0.0
2.7335,0.0,0.0,-1.5707963267948966,0.0,0.0
2.7434,0.0,0.0,-1.5707963267948966,0.0,0.0
2.7533,0.0,0.0,-1.5707963267948966,0.0,0.0
2.7635,0.0,0.0,-1.5707963267948966,0.0,0.0
2.7733,0.0,0.0,-1.5707963267948966,0.0,0.0
2.7835,0.0,0.0,-1.5707963267948966,0.0,0.0
2.7934,0.0,0.0,-1.5707963267948966,0.0,0.0
2.8035,0.0,0.0,-1.5707963267948966,0.0,0.0
2.8137,0.0,0.0,-1.5707963267948966,0.0,0.0
2.8235,0.0,0.0,-1.5707963267948966,0.0,0.0
2.8338,0.0,0.0,-1.5707963267948966,0.0,0.0
2.8436,0.0,0.0,-1.5707963267948966,0.0,0.0
2.8535,0.0,0.0,-1.5707963267948966,0.0,0.0
2.8633,0.0,0.0,-1.5707963267948966,0.0,0.0
2.8731,0.0,0.0,-1.5707963267948966,0.0,0.0
2.8833,0.0,0.0,-1.5707963267948966,0.0,0.0
2.8935,0.0,0.0,-1.5707963267948966,0.0,0.0
2.9034,0.0,0.0,-1.5707963267948966,0.0,0.0
2.9134,0.0,0.0,-1.5707963267948966,0.0,0.0
2.9232,0.0,0.0,-1.5707963267948966,0.0,0.0
2.9336,0.0,0.0,-1.5707963267948966,0.0,0.0
2.9433,0.0,0.0,-1.5707963267948966,0.0,0.0
2.9535,0.0,0.0,-1.5707963267948966,0.0,0.0
2.9633,0.0,0.0,-1.5707963267948966,0.0,0.0
2.9735,0.0,0.0,-1.5707963267948966,0.0,0.0
2.9835,0.0,0.0,-1.5707963267948966,0.0,0.0
2.9936,0.0,0.0,-1.5707963267948966,0.0,0.0
3.0034,0.0,0.0,-1.5707963267948966,0.0,0.0
3.0135,0.0,0.0,-1.5707963267948966,0.0,0.0
3.0236,0.0,0.0,-1.5707963267948966,0.0,0.0
3.0338,0.0,0.0,-1.5707963267948966,0.0,0.0
3.0436,0.0,0.0,-1.5707963267948966,0.0,0.0
3.0535,0.0,0.0,-1.5707963267948966,0.0,0.0
3.0644,0.0,0.0,-1.5707963267948966,0.0,0.0
3.0729,0.0,0.0,-1.5707963267948966,0.0,0.0
3.0831,0.0,0.0,-1.5707963267948966,0.0,0.0
3.0933,0.0,0.0,-1.5707963267948966,0.0,0.0
3.1033,0.0,0.0,-1.5707963267948966,0.0,0.0
3.1135,0.0,0.0,-1.5707963267948966,0.0,0.0
3.1234,0.0,0.0,-1.5707963267948966,0.0,0.0
3.1336,0.0,0.0,-1.5707963267948966,0.0,0.0
3.1435,0.0,0.0,-1.5707963267948966,0.0,0.0
3.1536,0.0,0.0,-1.5707963267948966,0.0,0.0
3.1634,0.0,0.0,-1.5707963267948966,0.0,0.0
3.1736,0.0,0.0,-1.5707963267948966,0.0,0.0
3.1835,0.0,0.0,-1.5707963267948966,0.0,0.0
3.1935,0.0,0.0,-1.5707963267948966,0.0,0.0
3.2036,0.0,0.0,-1.5707963267948966,0.0,0.0
3.2135,0.0,0.0,-1.5707963267948966,0.0,0.0
3.2233,0.0,0.0,-1.5707963267948966,0.0,0.0
3.2335,0.0,0.0,-1.5707963267948966,0.0,0.0
3.2435,0.0,0.0,-1.5707963267948966,0.0,0.0
3.2536,0.0,0.0,-1.5707963267948966,0.0,0.0
3.2635,0.0,0.0,-1.5707963267948966,0.0,0.0
3.2735,0.0,0.0,-1.5707963267948966,0.0,0.0
3.2834,0.0,0.0,-1.5707963267948966,0.0,0.0
3.2936,0.0,0.0,-1.5707963267948966,0.0,0.0
3.3035,0.0,0.0,-1.5707963267948966,0.0,0.0
3.3132,0.0,0.0,-1.5707963267948966,0.0,0.0
3.3233,0.0,0.0,-1.5707963267948966,0.0,0.0
3.3334,0.0,0.0,-1.5707963267948966,0.0,0.0
3.3435,0.0,0.0,-1.5707963267948966,0.0,0.0
3.3533,0.0,0.0,-1.5707963267948966,0.0,0.0
3.3631,0.0,0.0,-1.5707963267948966,0.0,0.0
3.3736,0.0,0.0,-1.5707963267948966,0.0,0.0
3.3835,0.0,0.0,-1.5707963267948966,0.0,0.0
3.3935,0.0,0.0,-1.5707963267948966,0.0,0.0
3.4035,0.0,0.0,-1.5707963267948966,0.0,0.0
3.4135,0.0,0.0,-1.5707963267948966,0.0,0.0
3.4234,0.0,0.0,-1.5707963267948966,0.0,0.0
3.4333,0.0,0.0,-1.5707963267948966,0.0,0.0
3.4436,0.0,0.0,-1.5707963267948966,0.0,0.0
3.4535,0.0,0.0,-1.5707963267948966,0.0,0.0
3.4633,0.0,0.0,-1.5707963267948966,0.0,0.0
3.4736,0.0,0.0,-1.5707963267948966,0.0,0.0
3.4836,0.0,0.0,-1.5707963267948966,0.0,0.0
3.4936,0.0,0.0,-1.5707963267948966,0.0,0.0
3.5034,0.0,0.0,-1.5707963267948966,0.0,0.0
3.5135,0.0,0.0,-1.5707963267948966,0.0,0.0
3.5236,0.0,0.0,-1.5707963267948966,0.0,0.0
3.5334,0.0,0.0,-1.5707963267948966,0.0,0.0
3.5436,0.0,0.0,-1.5707963267948966,0.0,0.0
3.5536,0.0,0.0,-1.5707963267948966,0.0,0.0
3.5636,0.0,0.0,-1.5707963267948966,0.0,0.0
3.5736,0.0,0.0,-1.5707963267948966,0.0,0.0
3.5837,0.0,0.0,-1.5707963267948966,0.0,0.0
3.5935,0.0,0.0,-1.5707963267948966,0.0,0.0
3.6034,0.0,0.0,-1.5707963267948966,0.0,0.0
3.6136,0.0,0.0,-1.5707963267948966,0.0,0.0
3.6234,0.0,0.0,-1.5707963267948966,0.0,0.0
3.6336,0.0,0.0,-1.5707963267948966,0.0,0.0
3.6435,0.0,0.0,-1.5707963267948966,0.0,0.0
3.6535,0.0,0.0,-1.5707963267948966,0.0,0.0
3.6636,0.0,0.0,-1.5707963267948966,0.0,0.0
3.6734,0.0,0.0,-1.5707963267948966,0.0,0.0
3.6833,0.0,0.0,-1.5707963267948966,0.0,0.0
3.6935,0.0,0.0,-1.5707963267948966,0.0,0.0
3.7036,0.0,0.0,-1.5707963267948966,0.0,0.0
3.7136,0.0,0.0,-1.5707963267948966,0.0,0.0
3.7236,0.0,0.0,-1.5707963267948966,0.0,0.0
3.7337,0.0,0.0,-1.5707963267948966,0.0,0.0
3.7436,0.0,0.0,-1.5707963267948966,0.0,0.0
3.7536,0.0,0.0,-1.5707963267948966,0.0,0.0
3.7634,0.0,0.0,-1.5707963267948966,0.0,0.0
3.7733,0.0,0.0,-1.5707963267948966,0.0,0.0
3.7832,0.0,0.0,-1.5707963267948966,0.0,0.0
3.7934,0.0,0.0,-1.5707963267948966,0.0,0.0
3.8034,0.0,0.0,-1.5707963267948966,0.0,0.0
3.8135,0.0,0.0,-1.5707963267948966,0.0,0.0
3.8235,0.0,0.0,-1.5707963267948966,0.0,0.0
3.8335,0.0,0.0,-1.5707963267948966,0.0,0.0
3.8435,0.0,0.0,-1.5707963267948966,0.0,0.0
3.8535,0.0,0.0,-1.5707963267948966,0.0,0.0
3.8635,0.0,0.0,-1.5707963267948966,0.0,0.0
3.8734,0.0,0.0,-1.5707963267948966,0.0,0.0
3.8835,0.0,0.0,-1.5707963267948966,0.0,0.0
3.8934,0.0,0.0,-1.5707963267948966,0.0,0.0
3.9035,0.0,0.0,-1.5707963267948966,0.0,0.0
3.9133,0.0,0.0,-1.5603243512829306,0.0,0.0
3.9234,0.0,0.0,-1.5498523757709646,0.0,0.0
3.9336,0.0,0.0,-1.5393804002589986,0.0,0.0
3.9435,0.0,0.0,-1.5289084247470326,0.0,0.0
3.9536,0.0,0.0,-1.5184364492350666,0.0,0.0
3.9634,0.0,0.0,-1.5079644737231006,0.0,0.0
3.9735,0.0,0.0,-1.4974924982111346,0.0,0.0
3.9833,0.0,0.0,-1.4870205226991686,0.0,0.0
3.9935,0.0,0.0,-1.4765485471872029,0.0,0.0
4.0034,0.0,0.0,-1.4660765716752369,0.0,0.0
4.0135,0.0,0.0,-1.4556045961632709,0.0,0.0
4.0234,0.0,0.0,-1.4451326206513049,0.0,0.0
4.0335,0.0,0.0,-1.4346606451393389,0.0,0.0
4.0434,0.0,0.0,-1.424188669627373,0.0,0.0
4.0537,0.0,0.0,-1.413716694115407,0.0,0.0
4.0632,0.0,0.0,-1.403244718603441,0.0,0.0
4.0730,0.0,0.0,-1.392772743091475,0.0,0.0
4.0834,0.0,0.0,-1.382300767579509,0.0,0.0
4.0930,0.0,0.0,-1.371828792067543,0.0,0.0
4.1035,0.0,0.0,-1.361356816555577,0.0,0.0
4.1135,0.0,0.0,-1.350884841043611,0.0,0.0
4.1236,0.0,0.0,-1.3404128655316452,0.0,0.0
4.1335,0.0,0.0,-1.329940890019679,0.0,0.0
4.1435,0.0,0.0,-1.3194689145077132,0.0,0.0
4.1537,0.0,0.0,-1.3089969389957472,0.0,0.0
4.1634,0.0,0.0,-1.2985249634837812,0.0,0.0
4.1735,0.0,0.0,-1.2880529879718152,0.0,0.0
4.1835,0.0,0.0,-1.2775810124598492,0.0,0.0
4.1936,0.0,0.0,-1.2671090369478832,0.0,0.0
4.2035,0.0,0.0,-1.2566370614359172,0.0,0.0
4.2135,0.0,0.0,-1.2461650859239513,0.0,0.0
4.2235,0.0,0.0,-1.2356931104119853,0.0,0.0
4.2335,0.0,0.0,-1.2252211349000193,0.0,0.0
4.2435,0.0,0.0,-1.2147491593880533,0.0,0.0
4.2534,0.0,0.0,-1.2042771838760873,0.0,0.0
4.2633,0.0,0.0,-1.1938052083641213,0.0,0.0
4.2734,0.0,0.0,-1.1833332328521555,0.0,0.0
4.2843,0.0,0.0,-1.1728612573401893,0.0,0.0
4.2935,0.0,0.0,-1.1623892818282235,0.0,0.0
4.3036,0.0,0.0,-1.1519173063162575,0.0,0.0
4.3133,0.0,0.0,-1.1414453308042916,0.0,0.0
4.3233,0.0,0.0,-1.1309733552923256,0.0,0.0
4.3333,0.0,0.0,-1.1205013797803596,0.0,0.0
4.3435,0.0,0.0,-1.1100294042683936,0.0,0.0
4.3535,0.0,0.0,-1.0995574287564276,0.0,0.0
4.3635,0.0,0.0,-1.0890854532444616,0.0,0.0
4.3736,0.0,0.0,-1.0786134777324956,0.0,0.0
4.3835,0.0,0.0,-1.0681415022205296,0.0,0.0
4.3936,0.0,0.0,-1.0576695267085636,0.0,0.0
4.4036,0.0,0.0,-1.0471975511965979,0.0,0.0
4.4135,0.0,0.0,-1.0367255756846316,0.0,0.0
4.4235,0.0,0.0,-1.0262536001726659,0.0,0.0
4.4334,0.0,0.0,-1.0157816246606997,0.0,0.0
4.4434,0.0,0.0,-1.0053096491487339,0.0,0.0
4.4536,0.0,0.0,-0.9948376736367678,0.0,0.0
4.4635,0.0,0.0,-0.9843656981248018,0.0,0.0
4.4735,0.0,0.0,-0.9738937226128358,0.0,0.0
4.4835,0.0,0.0,-0.9634217471008699,0.0,0.0
4.4935,0.0,0.0,-0.9529497715889039,0.0,0.0
4.5035,0.0,0.0,-0.9424777960769379,0.0,0.0
4.5136,0.0,0.0,-0.9320058205649719,0.0,0.0
4.5235,0.0,0.0,-0.921533845053006,0.0,0.0
4.5336,0.0,0.0,-0.9110618695410401,0.0,0.0
4.5436,0.0,0.0,-0.900589894029074,0.0,0.0
4.5536,0.0,0.0,-0.890117918517108,0.0,0.0
4.5635,0.0,0.0,-0.8796459430051421,0.0,0.0
4.5735,0.0,0.0,-0.869173967493176,0.0,0.0
4.5834,0.0,0.0,-0.8587019919812101,0.0,0.0
4.5936,0.0,0.0,-0.8482300164692441,0.0,0.0
4.6035,0.0,0.0,-0.837758040957278,0.0,0.0
4.6136,0.0,0.0,-0.8272860654453122,0.0,0.0
4.6236,0.0,0.0,-0.8168140899333463,0.0,0.0
4.6336,0.0,0.0,-0.8063421144213803,0.0,0.0
4.6435,0.0,0.0,-0.7958701389094143,0.0,0.0
4.6535,0.0,0.0,-0.7853981633974483,0.0,0.0
4.6633,0.0,0.0,-0.7749261878854823,0.0,0.0
4.6736,0.0,0.0,-0.7644542123735164,0.0,0.0
4.6833,0.0,0.0,-0.7539822368615503,0.0,0.0
4.6935,0.0,0.0,-0.7435102613495843,0.0,0.0
4.7034,0.0,0.0,-0.7330382858376184,0.0,0.0
4.7134,0.0,0.0,-0.7225663103256523,0.0,0.0
4.7235,0.0,0.0,-0.7120943348136863,0.0,0.0
4.7335,0.0,0.0,-0.7016223593017205,0.0,0.0
4.7435,0.0,0.0,-0.6911503837897546,0.0,0.0
4.7534,0.0,0.0,-0.6806784082777886,0.0,0.0
4.7634,0.0,0.0,-0.6702064327658225,0.0,0.0
4.7734,0.0,0.0,-0.6597344572538566,0.0,0.0
4.7835,0.0,0.0,-0.6492624817418906,0.0,0.0
4.7934,0.0,0.0,-0.6387905062299245,0.0,0.0
4.8034,0.0,0.0,-0.6283185307179586,0.0,0.0
4.8134,0.0,0.0,-0.6178465552059926,0.0,0.0
4.8235,0.0,0.0,-0.6073745796940265,0.0,0.0
4.8335,0.0,0.0,-0.5969026041820606,0.0,0.0
4.8435,0.0,0.0,-0.5864306286700947,0.0,0.0
4.8535,0.0,0.0,-0.5759586531581287,0.0,0.0
4.8636,0.0,0.0,-0.5654866776461627,0.0,0.0
4.8735,0.0,0.0,-0.5550147021341969,0.0,0.0
4.8829,0.0,0.0,-0.5445427266222309,0.0,0.0
4.8935,0.0,0.0,-0.5340707511102647,0.0,0.0
4.9034,0.0,0.0,-0.5235987755982989,0.0,0.0
4.9135,0.0,0.0,-0.5131268000863329,0.0,0.0
4.9233,0.0,0.0,-0.5026548245743667,0.0,0.0
4.9336,0.0,0.0,-0.49218284906240095,0.0,0.0
4.9436,0.0,0.0,-0.48171087355043496,0.0,0.0
4.9536,0.0,0.0,-0.47123889803846897,0.0,0.0
4.9637,0.0,0.0,-0.460766922526503,0.0,0.0
4.9738,0.0,0.0,-0.450294947014537,0.0,0.0
4.9834,0.0,0.0,-0.439822971502571,0.0,0.0
4.9935,0.0,0.0,-0.429350995990605,0.0,0.0
5.0036,0.0,0.0,-0.418879020478639,0.0,0.0
5.0135,0.0,0.0,-0.408407044966673,0.0,0.0
5.0236,0.0,0.0,-0.397935069454707,0.0,0.0
5.0336,0.0,0.0,-0.38746309394274103,0.0,0.0
5.0436,0.0,0.0,-0.37699111843077504,0.0,0.0
5.0538,0.0,0.0,-0.36651914291880905,0.0,0.0
5.0632,0.0,0.0,-0.3560471674068433,0.0,0.0
5.0733,0.0,0.0,-0.3455751918948773,0.0,0.0
5.0833,0.0,0.0,-0.3351032163829113,0.0,0.0
5.0977,0.0,0.0,-0.3246312408709453,0.0,0.0
5.1032,0.0,0.0,-0.3141592653589793,0.0,0.0
5.1130,0.0,0.0,-0.3036872898470133,0.0,0.0
5.1231,0.0,0.0,-0.29321531433504733,0.0,0.0
5.1330,0.0,0.0,-0.28274333882308156,0.0,0.0
5.1431,0.0,0.0,-0.27227136331111534,0.0,0.0
5.1531,0.0,0.0,-0.26179938779914935,0.0,0.0
5.1635,0.0,0.0,-0.2513274122871836,0.0,0.0
5.1733,0.0,0.0,-0.24085543677521737,0.0,0.0
5.1835,0.0,0.0,-0.23038346126325138,0.0,0.0
5.1934,0.0,0.0,-0.2199114857512856,0.0,0.0
5.2034,0.0,0.0,-0.2094395102393194,0.0,0.0
5.2132,0.0,0.0,-0.1989675347273534,0.0,0.0
5.2234,0.0,0.0,-0.18849555921538763,0.0,0.0
5.2334,0.0,0.0,-0.17802358370342164,0.0,0.0
5.2435,0.0,0.0,-0.16755160819145543,0.0,0.0
5.2534,0.0,0.0,-0.15707963267948966,0.0,0.0
5.2636,0.0,0.0,-0.14660765716752366,0.0,0.0
5.2733,0.0,0.0,-0.13613568165555745,0.0,0.0
5.2835,0.0,0.0,-0.12566370614359168,0.0,0.0
5.2937,0.0,0.0,-0.11519173063162569,0.0,0.0
5.3035,0.0,0.0,-0.10471975511965947,0.0,0.0
5.3135,0.0,0.0,-0.09424777960769393,0.0,0.0
5.3233,0.0,0.0,-0.08377580409572793,0.0,0.0
5.3332,0.0,0.0,-0.07330382858376194,0.0,0.0
5.3436,0.0,0.0,-0.06283185307179595,0.0,0.0
5.3536,0.0,0.0,-0.05235987755982996,0.0,0.0
5.3635,0.0,0.0,-0.04188790204786397,0.0,0.0
5.3737,0.0,0.0,-0.031415926535897976,0.0,0.0
5.3836,0.0,0.0,-0.020943951023931984,0.0,0.0
5.3935,0.0,0.0,-0.010471975511965992,0.0,0.0
5.4034,0.0,0.0,0.0,0.0,0.0
5.4135,0.0,0.0,0.01047197551196577,0.0,0.0
5.4236,0.0,0.0,0.020943951023931984,0.0,0.0
5.4334,0.0,0.0,0.031415926535897976,0.0,0.0
5.4436,0.0,0.0,0.041887902047863745,0.0,0.0
5.4535,0.0,0.0,0.05235987755982996,0.0,0.0
5.4638,0.0,0.0,0.06283185307179595,0.0,0.0
5.4735,0.0,0.0,0.07330382858376172,0.0,0.0
5.4837,0.0,0.0,0.08377580409572793,0.0,0.0
5.4937,0.0,0.0,0.09424777960769393,0.0,0.0
5.5037,0.0,0.0,0.1047197551196597,0.0,0.0
5.5136,0.0,0.0,0.11519173063162591,0.0,0.0
5.5234,0.0,0.0,0.1256637061435919,0.0,0.0
5.5336,0.0,0.0,0.13613568165555767,0.0,0.0
5.5434,0.0,0.0,0.14660765716752389,0.0,0.0
5.5535,0.0,0.0,0.15707963267948988,0.0,0.0
5.5634,0.0,0.0,0.16755160819145565,0.0,0.0
5.5736,0.0,0.0,0.17802358370342164,0.0,0.0
5.5835,0.0,0.0,0.1884955592153874,0.0,0.0
5.5935,0.0,0.0,0.19896753472735362,0.0,0.0
5.6034,0.0,0.0,0.2094395102393194,0.0,0.0
5.6135,0.0,0.0,0.21991148575128538,0.0,0.0
5.6235,0.0,0.0,0.2303834612632516,0.0,0.0
5.6336,0.0,0.0,0.24085543677521737,0.0,0.0
5.6436,0.0,0.0,0.25132741228718336,0.0,0.0
5.6535,0.0,0.0,0.2617993877991496,0.0,0.0
5.6634,0.0,0.0,0.27227136331111534,0.0,0.0
5.6733,0.0,0.0,0.28274333882308134,0.0,0.0
5.6834,0.0,0.0,0.29321531433504755,0.0,0.0
5.6934,0.0,0.0,0.3036872898470133,0.0,0.0
5.7034,0.0,0.0,0.3141592653589793,0.0,0.0
5.7135,0.0,0.0,0.3246312408709455,0.0,0.0
5.7234,0.0,0.0,0.3351032163829113,0.0,0.0
5.7335,0.0,0.0,0.3455751918948773,0.0,0.0
5.7434,0.0,0.0,0.3560471674068435,0.0,0.0
5.7536,0.0,0.0,0.36651914291880927,0.0,0.0
5.7634,0.0,0.0,0.37699111843077526,0.0,0.0
5.7736,0.0,0.0,0.3874630939427415,0.0,0.0
5.7835,0.0,0.0,0.39793506945470725,0.0,0.0
5.7935,0.0,0.0,0.408407044966673,0.0,0.0
5.8034,0.0,0.0,0.41887902047863923,0.0,0.0
5.8132,0.0,0.0,0.429350995990605,0.0,0.0
5.8234,0.0,0.0,0.4398229715025712,0.0,0.0
5.8334,0.0,0.0,0.450294947014537,0.0,0.0
5.8434,0.0,0.0,0.46076692252650275,0.0,0.0
5.8535,0.0,0.0,0.47123889803846897,0.0,0.0
5.8635,0.0,0.0,0.48171087355043474,0.0,0.0
5.8734,0.0,0.0,0.49218284906240095,0.0,0.0
5.8835,0.0,0.0,0.5026548245743672,0.0,0.0
5.8934,0.0,0.0,0.5131268000863329,0.0,0.0
5.9035,0.0,0.0,0.5235987755982987,0.0,0.0
5.9135,0.0,0.0,0.5340707511102649,0.0,0.0
5.9234,0.0,0.0,0.5445427266222307,0.0,0.0
5.9335,0.0,0.0,0.5550147021341969,0.0,0.0
5.9434,0.0,0.0,0.5654866776461631,0.0,0.0
5.9535,0.0,0.0,0.5759586531581284,0.0,0.0
5.9636,0.0,0.0,0.5864306286700947,0.0,0.0
5.9733,0.0,0.0,0.5969026041820604,0.0,0.0
5.9835,0.0,0.0,0.6073745796940266,0.0,0.0
5.9935,0.0,0.0,0.6178465552059924,0.0,0.0
6.0034,0.0,0.0,0.6283185307179586,0.0,0.0
6.0134,0.0,0.0,0.6387905062299244,0.0,0.0
6.0235,0.0,0.0,0.6492624817418906,0.0,0.0
6.0335,0.0,0.0,0.6597344572538564,0.0,0.0
6.0436,0.0,0.0,0.6702064327658226,0.0,0.0
6.0534,0.0,0.0,0.6806784082777884,0.0,0.0
6.0629,0.0,0.0,0.6911503837897546,0.0,0.0
6.0729,0.0,0.0,0.7016223593017203,0.0,0.0
6.0831,0.0,0.0,0.7120943348136866,0.0,0.0
6.0936,0.0,0.0,0.7225663103256523,0.0,0.0
6.1033,0.0,0.0,0.7330382858376185,0.0,0.0
6.1134,0.0,0.0,0.7435102613495843,0.0,0.0
6.1230,0.0,0.0,0.7539822368615505,0.0,0.0
6.1334,0.0,0.0,0.7644542123735163,0.0,0.0
6.1433,0.0,0.0,0.7749261878854825,0.0,0.0
6.1536,0.0,0.0,0.7853981633974483,0.0,0.0
6.1634,0.0,0.0,0.7958701389094145,0.0,0.0
6.1736,0.0,0.0,0.8063421144213803,0.0,0.0
6.1836,0.0,0.0,0.8168140899333465,0.0,0.0
6.1936,0.0,0.0,0.8272860654453122,0.0,0.0
6.2036,0.0,0.0,0.8377580409572785,0.0,0.0
6.2135,0.0,0.0,0.8482300164692442,0.0,0.0
6.2236,0.0,0.0,0.85870199198121,0.0,0.0
6.2335,0.0,0.0,0.8691739674931762,0.0,0.0
6.2436,0.0,0.0,0.879645943005142,0.0,0.0
6.2532,0.0,0.0,0.8901179185171082,0.0,0.0
6.2636,0.0,0.0,0.900589894029074,0.0,0.0
6.2736,0.0,0.0,0.9110618695410402,0.0,0.0
6.2833,0.0,0.0,0.921533845053006,0.0,0.0
6.2935,0.0,0.0,0.9320058205649722,0.0,0.0
6.3035,0.0,0.0,0.9424777960769379,0.0,0.0
6.3133,0.0,0.0,0.9529497715889041,0.0,0.0
6.3237,0.0,0.0,0.9634217471008699,0.0,0.0
6.3336,0.0,0.0,0.9738937226128361,0.0,0.0
6.3435,0.0,0.0,0.9843656981248019,0.0,0.0
6.3534,0.0,0.0,0.9948376736367681,0.0,0.0
6.3637,0.0,0.0,1.0053096491487334,0.0,0.0
6.3737,0.0,0.0,1.0157816246606997,0.0,0.0
6.3837,0.0,0.0,1.0262536001726659,0.0,0.0
6.3937,0.0,0.0,1.036725575684632,0.0,0.0
6.4035,0.0,0.0,1.0471975511965979,0.0,0.0
6.4136,0.0,0.0,1.057669526708564,0.0,0.0
6.4236,0.0,0.0,1.0681415022205294,0.0,0.0
6.4334,0.0,0.0,1.0786134777324956,0.0,0.0
6.4436,0.0,0.0,1.0890854532444618,0.0,0.0
6.4536,0.0,0.0,1.099557428756428,0.0,0.0
6.4636,0.0,0.0,1.1100294042683938,0.0,0.0
6.4738,0.0,0.0,1.1205013797803591,0.0,0.0
6.4836,0.0,0.0,1.1309733552923253,0.0,0.0
6.4936,0.0,0.0,1.1414453308042916,0.0,0.0
6.5037,0.0,0.0,1.1519173063162578,0.0,0.0
6.5135,0.0,0.0,1.1623892818282235,0.0,0.0
6.5237,0.0,0.0,1.1728612573401898,0.0,0.0
6.5338,0.0,0.0,1.183333232852155,0.0,0.0
6.5436,0.0,0.0,1.1938052083641213,0.0,0.0
6.5535,0.0,0.0,1.204277183876087,0.0,0.0
6.5636,0.0,0.0,1.2147491593880533,0.0,0.0
6.5736,0.0,0.0,1.2252211349000195,0.0,0.0
6.5836,0.0,0.0,1.2356931104119857,0.0,0.0
6.5935,0.0,0.0,1.246165085923951,0.0,0.0
6.6036,0.0,0.0,1.2566370614359172,0.0,0.0
6.6136,0.0,0.0,1.267109036947883,0.0,0.0
6.6236,0.0,0.0,1.2775810124598492,0.0,0.0
6.6336,0.0,0.0,1.2880529879718154,0.0,0.0
6.6437,0.0,0.0,1.2985249634837817,0.0,0.0
6.6535,0.0,0.0,1.308996938995747,0.0,0.0
6.6635,0.0,0.0,1.3194689145077132,0.0,0.0
6.6735,0.0,0.0,1.329940890019679,0.0,0.0
6.6835,0.0,0.0,1.3404128655316452,0.0,0.0
6.6935,0.0,0.0,1.3508848410436114,0.0,0.0
6.7036,0.0,0.0,1.3613568165555776,0.0,0.0
6.7135,0.0,0.0,1.371828792067543,0.0,0.0
6.7235,0.0,0.0,1.3823007675795087,0.0,0.0
6.7336,0.0,0.0,1.392772743091475,0.0,0.0
6.7435,0.0,0.0,1.4032447186034407,0.0,0.0
6.7536,0.0,0.0,1.413716694115407,0.0,0.0
6.7636,0.0,0.0,1.4241886696273727,0.0,0.0
6.7734,0.0,0.0,1.4346606451393389,0.0,0.0
6.7834,0.0,0.0,1.4451326206513047,0.0,0.0
6.7936,0.0,0.0,1.4556045961632709,0.0,0.0
6.8036,0.0,0.0,1.4660765716752366,0.0,0.0
6.8136,0.0,0.0,1.4765485471872029,0.0,0.0
6.8236,0.0,0.0,1.4870205226991686,0.0,0.0
6.8336,0.0,0.0,1.4974924982111348,0.0,0.0
6.8435,0.0,0.0,1.5079644737231006,0.0,0.0
6.8535,0.0,0.0,1.5184364492350668,0.0,0.0
6.8635,0.0,0.0,1.5289084247470326,0.0,0.0
6.8735,0.0,0.0,1.5393804002589988,0.0,0.0
6.8835,0.0,0.0,1.5498523757709646,0.0,0.0
6.8934,0.0,0.0,1.5603243512829308,0.0,0.0
6.9035,0.0,0.0,1.5707963267948966,0.0,0.0
6.9131,0.0,0.0,1.5707963267948966,0.0,0.0
6.9232,0.0,0.0,1.5707963267948966,0.0,0.0
6.9333,0.0,0.0,1.5707963267948966,0.0,0.0
6.9435,0.0,0.0,1.5707963267948966,0.0,0.0
6.9536,0.0,0.0,1.5707963267948966,0.0,0.0
6.9633,0.0,0.0,1.5707963267948966,0.0,0.0
6.9735,0.0,0.0,1.5707963267948966,0.0,0.0
6.9835,0.0,0.0,1.5707963267948966,0.0,0.0
6.9934,0.0,0.0,1.5707963267948966,0.0,0.0
7.0034,0.0,0.0,1.5707963267948966,0.0,0.0
7.0135,0.0,0.0,1.5707963267948966,0.0,0.0
7.0235,0.0,0.0,1.5707963267948966,0.0,0.0
7.0335,0.0,0.0,1.5707963267948966,0.0,0.0
7.0434,0.0,0.0,1.5707963267948966,0.0,0.0
7.0536,0.0,0.0,1.5707963267948966,0.0,0.0
7.0630,0.0,0.0,1.5707963267948966,0.0,0.0
7.0730,0.0,0.0,1.5707963267948966,0.0,0.0
7.0831,0.0,0.0,1.5707963267948966,0.0,0.0
7.0935,0.0,0.0,1.5707963267948966,0.0,0.0
7.1032,0.0,0.0,1.5707963267948966,0.0,0.0
7.1132,0.0,0.0,1.5707963267948966,0.0,0.0
7.1231,0.0,0.0,1.5707963267948966,0.0,0.0
7.1333,0.0,0.0,1.5707963267948966,0.0,0.0
7.1434,0.0,0.0,1.5707963267948966,0.0,0.0
7.1533,0.0,0.0,1.5707963267948966,0.0,0.0
7.1635,0.0,0.0,1.5707963267948966,0.0,0.0
7.1735,0.0,0.0,1.5707963267948966,0.0,0.0
7.1838,0.0,0.0,1.5707963267948966,0.0,0.0
7.1933,0.0,0.0,1.5707963267948966,0.0,0.0
7.2031,0.0,0.0,1.5707963267948966,0.0,0.0
7.2135,0.0,0.0,1.5707963267948966,0.0,0.0
7.2233,0.0,0.0,1.5707963267948966,0.0,0.0
7.2333,0.0,0.0,1.5707963267948966,0.0,0.0
7.2433,0.0,0.0,1.5707963267948966,0.0,0.0
7.2535,0.0,0.0,1.5707963267948966,0.0,0.0
7.2632,0.0,0.0,1.5707963267948966,0.0,0.0
7.2734,0.0,0.0,1.5707963267948966,0.0,0.0
7.2835,0.0,0.0,1.5707963267948966,0.0,0.0
7.2935,0.0,0.0,1.5707963267948966,0.0,0.0
7.3035,0.0,0.0,1.5707963267948966,0.0,0.0
7.3135,0.0,0.0,1.5707963267948966,0.0,0.0
7.3234,0.0,0.0,1.5707963267948966,0.0,0.0
7.3335,0.0,0.0,1.5707963267948966,0.0,0.0
7.3434,0.0,0.0,1.5707963267948966,0.0,0.0
7.3534,0.0,0.0,1.5707963267948966,0.0,0.0
7.3636,0.0,0.0,1.5707963267948966,0.0,0.0
7.3735,0.0,0.0,1.5707963267948966,0.0,0.0
7.3836,0.0,0.0,1.5707963267948966,0.0,0.0
7.3936,0.0,0.0,1.5707963267948966,0.0,0.0
7.4035,0.0,0.0,1.5707963267948966,0.0,0.0
7.4135,0.0,0.0,1.5707963267948966,0.0,0.0
7.4232,0.0,0.0,1.5707963267948966,0.0,0.0
7.4335,0.0,0.0,1.5707963267948966,0.0,0.0
7.4436,0.0,0.0,1.5707963267948966,0.0,0.0
7.4536,0.0,0.0,1.5707963267948966,0.0,0.0
7.4635,0.0,0.0,1.5707963267948966,0.0,0.0
7.4733,0.0,0.0,1.5707963267948966,0.0,0.0
7.4836,0.0,0.0,1.5707963267948966,0.0,0.0
7.4934,0.0,0.0,1.5707963267948966,0.0,0.0
7.5035,0.0,0.0,1.5707963267948966,0.0,0.0
7.5135,0.0,0.0,1.5707963267948966,0.0,0.0
7.5235,0.0,0.0,1.5707963267948966,0.0,0.0
7.5335,0.0,0.0,1.5707963267948966,0.0,0.0
7.5436,0.0,0.0,1.5707963267948966,0.0,0.0
7.5535,0.0,0.0,1.5707963267948966,0.0,0.0
7.5635,0.0,0.0,1.5707963267948966,0.0,0.0
7.5736,0.0,0.0,1.5707963267948966,0.0,0.0
7.5834,0.0,0.0,1.5707963267948966,0.0,0.0
7.5936,0.0,0.0,1.5707963267948966,0.0,0.0
7.6035,0.0,0.0,1.5707963267948966,0.0,0.0
7.6135,0.0,0.0,1.5707963267948966,0.0,0.0
7.6236,0.0,0.0,1.5707963267948966,0.0,0.0
7.6336,0.0,0.0,1.5707963267948966,0.0,0.0
7.6436,0.0,0.0,1.5707963267948966,0.0,0.0
7.6536,0.0,0.0,1.5707963267948966,0.0,0.0
7.6636,0.0,0.0,1.5707963267948966,0.0,0.0
7.6737,0.0,0.0,1.5707963267948966,0.0,0.0
7.6834,0.0,0.0,1.5707963267948966,0.0,0.0
7.6933,0.0,0.0,1.5707963267948966,0.0,0.0
7.7036,0.0,0.0,1.5707963267948966,0.0,0.0
7.7134,0.0,0.0,1.5707963267948966,0.0,0.0
7.7235,0.0,0.0,1.5707963267948966,0.0,0.0
7.7334,0.0,0.0,1.5707963267948966,0.0,0.0
7.7435,0.0,0.0,1.5707963267948966,0.0,0.0
7.7535,0.0,0.0,1.5707963267948966,0.0,0.0
7.7635,0.0,0.0,1.5707963267948966,0.0,0.0
7.7735,0.0,0.0,1.5707963267948966,0.0,0.0
7.7833,0.0,0.0,1.5707963267948966,0.0,0.0
7.7935,0.0,0.0,1.5707963267948966,0.0,0.0
7.8034,0.0,0.0,1.5707963267948966,0.0,0.0
7.8135,0.0,0.0,1.5707963267948966,0.0,0.0
7.8234,0.0,0.0,1.5707963267948966,0.0,0.0
7.8335,0.0,0.0,1.5707963267948966,0.0,0.0
7.8436,0.0,0.0,1.5707963267948966,0.0,0.0
7.8535,0.0,0.0,1.5707963267948966,0.0,0.0
7.8634,0.0,0.0,1.5707963267948966,0.0,0.0
7.8735,0.0,0.0,1.5707963267948966,0.0,0.0
7.8835,0.0,0.0,1.5707963267948966,0.0,0.0
7.8935,0.0,0.0,1.5707963267948966,0.0,0.0
7.9034,0.0,0.0,1.5707963267948966,0.0,0.0
7.9135,0.0,0.0,1.5707963267948966,0.0,0.0
7.9234,0.0,0.0,1.5707963267948966,0.0,0.0
7.9333,0.0,0.0,1.5707963267948966,0.0,0.0
7.9434,0.0,0.0,1.5707963267948966,0.0,0.0
7.9534,0.0,0.0,1.5707963267948966,0.0,0.0
7.9635,0.0,0.0,1.5707963267948966,0.0,0.0
7.9734,0.0,0.0,1.5707963267948966,0.0,0.0
7.9835,0.0,0.0,1.5707963267948966,0.0,0.0
7.9935,0.0,0.0,1.5707963267948966,0.0,0.0
8.0033,0.0,0.0,1.5707963267948966,0.0,0.0
8.0137,0.0,0.0,1.5707963267948966,0.0,0.0
8.0235,0.0,0.0,1.5707963267948966,0.0,0.0
8.0335,0.0,0.0,1.5707963267948966,0.0,0.0
8.0437,0.0,0.0,1.5707963267948966,0.0,0.0
8.0537,0.0,0.0,1.5707963267948966,0.0,0.0
8.0631,0.0,0.0,1.5707963267948966,0.0,0.0
8.0729,0.0,0.0,1.5707963267948966,0.0,0.0
8.0832,0.0,0.0,1.5707963267948966,0.0,0.0
8.0934,0.0,0.0,1.5707963267948966,0.0,0.0
8.1036,0.0,0.0,1.5707963267948966,0.0,0.0
8.1134,0.0,0.0,1.5707963267948966,0.0,0.0
8.1233,0.0,0.0,1.5707963267948966,0.0,0.0
8.1335,0.0,0.0,1.5707963267948966,0.0,0.0
8.1435,0.0,0.0,1.5707963267948966,0.0,0.0
8.1533,0.0,0.0,1.5707963267948966,0.0,0.0
8.1635,0.0,0.0,1.5707963267948966,0.0,0.0
8.1735,0.0,0.0,1.5707963267948966,0.0,0.0
8.1834,0.0,0.0,1.5707963267948966,0.0,0.0
8.1935,0.0,0.0,1.5707963267948966,0.0,0.0
8.2034,0.0,0.0,1.5707963267948966,0.0,0.0
8.2138,0.0,0.0,1.5707963267948966,0.0,0.0
8.2236,0.0,0.0,1.5707963267948966,0.0,0.0
8.2336,0.0,0.0,1.5707963267948966,0.0,0.0
8.2433,0.0,0.0,1.5707963267948966,0.0,0.0
8.2534,0.0,0.0,1.5707963267948966,0.0,0.0
8.2632,0.0,0.0,1.5707963267948966,0.0,0.0
8.2735,0.0,0.0,1.5707963267948966,0.0,0.0
8.2834,0.0,0.0,1.5707963267948966,0.0,0.0
8.2934,0.0,0.0,1.5707963267948966,0.0,0.0
8.3033,0.0,0.0,1.5707963267948966,0.0,0.0
8.3135,0.0,0.0,1.5707963267948966,0.0,0.0
8.3235,0.0,0.0,1.5707963267948966,0.0,0.0
8.3334,0.0,0.0,1.5707963267948966,0.0,0.0
8.3436,0.0,0.0,1.5707963267948966,0.0,0.0
8.3535,0.0,0.0,1.5707963267948966,0.0,0.0
8.3634,0.0,0.0,1.5707963267948966,0.0,0.0
8.3733,0.0,0.0,1.5707963267948966,0.0,0.0
8.3835,0.0,0.0,1.5707963267948966,0.0,0.0
8.3935,0.0,0.0,1.5707963267948966,0.0,0.0
8.4035,0.0,0.0,1.5707963267948966,0.0,0.0
